{
  "method": "chunk_rag",
  "summary": {
    "total": 360,
    "answer_accuracy": 0.22777777777777777,
    "evidence_recall_at_k": 0.13580246913580246,
    "abstention_accuracy": 1.0,
    "update_accuracy": 0.14333333333333334,
    "temporal_accuracy": 0.05555555555555555,
    "average_token_cost": 25.680555555555557,
    "exact_answer_accuracy": 0.1,
    "all_evidence_recall_at_k": 0.08641975308641975,
    "faithful_answer_accuracy": 0.07777777777777778,
    "strict_state_accuracy": 0.0
  },
  "question_type_metrics": {
    "abstention": {
      "total": 36,
      "answer_accuracy": 1.0,
      "evidence_recall_at_k": 0.0,
      "abstention_accuracy": 1.0,
      "update_accuracy": 0.0,
      "temporal_accuracy": 0.0,
      "average_token_cost": 22.5,
      "exact_answer_accuracy": 1.0,
      "all_evidence_recall_at_k": 0.0,
      "faithful_answer_accuracy": 0.0,
      "strict_state_accuracy": 0.0
    },
    "conflict_resolution": {
      "total": 72,
      "answer_accuracy": 0.16666666666666666,
      "evidence_recall_at_k": 0.16666666666666666,
      "abstention_accuracy": 0.0,
      "update_accuracy": 0.16666666666666666,
      "temporal_accuracy": 0.0,
      "average_token_cost": 31.333333333333332,
      "exact_answer_accuracy": 0.0,
      "all_evidence_recall_at_k": 0.16666666666666666,
      "faithful_answer_accuracy": 0.16666666666666666,
      "strict_state_accuracy": 0.0
    },
    "knowledge_update": {
      "total": 84,
      "answer_accuracy": 0.19047619047619047,
      "evidence_recall_at_k": 0.17857142857142858,
      "abstention_accuracy": 0.0,
      "update_accuracy": 0.17857142857142858,
      "temporal_accuracy": 0.0,
      "average_token_cost": 23.726190476190474,
      "exact_answer_accuracy": 0.0,
      "all_evidence_recall_at_k": 0.17857142857142858,
      "faithful_answer_accuracy": 0.17857142857142858,
      "strict_state_accuracy": 0.0
    },
    "multi_session_reasoning": {
      "total": 72,
      "answer_accuracy": 0.16666666666666666,
      "evidence_recall_at_k": 0.16666666666666666,
      "abstention_accuracy": 0.0,
      "update_accuracy": 0.16666666666666666,
      "temporal_accuracy": 0.0,
      "average_token_cost": 24.77777777777778,
      "exact_answer_accuracy": 0.0,
      "all_evidence_recall_at_k": 0.0,
      "faithful_answer_accuracy": 0.0,
      "strict_state_accuracy": 0.0
    },
    "single_session_fact": {
      "total": 24,
      "answer_accuracy": 0.125,
      "evidence_recall_at_k": 0.041666666666666664,
      "abstention_accuracy": 0.0,
      "update_accuracy": 0.0,
      "temporal_accuracy": 0.0,
      "average_token_cost": 26.041666666666668,
      "exact_answer_accuracy": 0.0,
      "all_evidence_recall_at_k": 0.041666666666666664,
      "faithful_answer_accuracy": 0.041666666666666664,
      "strict_state_accuracy": 0.0
    },
    "temporal_reasoning": {
      "total": 72,
      "answer_accuracy": 0.041666666666666664,
      "evidence_recall_at_k": 0.05555555555555555,
      "abstention_accuracy": 0.0,
      "update_accuracy": 0.05555555555555555,
      "temporal_accuracy": 0.05555555555555555,
      "average_token_cost": 24.680555555555557,
      "exact_answer_accuracy": 0.0,
      "all_evidence_recall_at_k": 0.0,
      "faithful_answer_accuracy": 0.0,
      "strict_state_accuracy": 0.0
    }
  },
  "latency_ms": 4951
}
